trajectory_id,pattern_id,pattern_name,noise_level,split,num_points
0,0,straight_flight,clean,train,90
1,1,circular_orbit,medium,train,168
2,2,rectangular_patrol,hard,train,107
3,3,hover,clean,train,105
4,4,spiral_climb,medium,train,108
5,5,zigzag,hard,train,85
6,6,sharp_turn,clean,train,104
7,7,descent_approach,medium,train,91
8,8,random_anomalous,hard,train,134
9,0,straight_flight,clean,train,135
10,1,circular_orbit,medium,train,188
11,2,rectangular_patrol,hard,train,100
12,3,hover,clean,train,92
13,4,spiral_climb,medium,train,108
14,5,zigzag,hard,train,143
15,6,sharp_turn,clean,train,111
16,7,descent_approach,medium,train,117
17,8,random_anomalous,hard,train,169
18,0,straight_flight,clean,train,84
19,1,circular_orbit,medium,train,93
20,2,rectangular_patrol,hard,train,88
21,3,hover,clean,train,187
22,4,spiral_climb,medium,train,102
23,5,zigzag,hard,train,162
24,6,sharp_turn,clean,train,186
25,7,descent_approach,medium,train,176
26,8,random_anomalous,hard,train,140
27,0,straight_flight,clean,train,127
28,1,circular_orbit,medium,train,110
29,2,rectangular_patrol,hard,train,117
30,3,hover,clean,train,117
31,4,spiral_climb,medium,train,135
32,5,zigzag,hard,train,112
33,6,sharp_turn,clean,train,93
34,7,descent_approach,medium,train,152
35,8,random_anomalous,hard,train,109
36,0,straight_flight,clean,train,139
37,1,circular_orbit,medium,train,190
38,2,rectangular_patrol,hard,train,136
39,3,hover,clean,train,171
40,4,spiral_climb,medium,train,130
41,5,zigzag,hard,train,86
42,6,sharp_turn,clean,train,189
43,7,descent_approach,medium,train,136
44,8,random_anomalous,hard,train,154
45,0,straight_flight,clean,train,169
46,1,circular_orbit,medium,train,101
47,2,rectangular_patrol,hard,train,85
48,3,hover,clean,train,122
49,4,spiral_climb,medium,train,100
50,5,zigzag,hard,train,79
51,6,sharp_turn,clean,train,145
52,7,descent_approach,medium,train,165
53,8,random_anomalous,hard,train,89
54,0,straight_flight,clean,train,198
55,1,circular_orbit,medium,train,165
56,2,rectangular_patrol,hard,train,101
57,3,hover,clean,train,153
58,4,spiral_climb,medium,train,92
59,5,zigzag,hard,train,80
60,6,sharp_turn,clean,train,180
61,7,descent_approach,medium,train,148
62,8,random_anomalous,hard,train,173
63,0,straight_flight,clean,train,179
64,1,circular_orbit,medium,train,174
65,2,rectangular_patrol,hard,train,89
66,3,hover,clean,train,192
67,4,spiral_climb,medium,train,139
68,5,zigzag,hard,train,86
69,6,sharp_turn,clean,train,96
70,7,descent_approach,medium,train,168
71,8,random_anomalous,hard,train,133
72,0,straight_flight,clean,train,90
73,1,circular_orbit,medium,train,127
74,2,rectangular_patrol,hard,train,147
75,3,hover,clean,train,95
76,4,spiral_climb,medium,train,161
77,5,zigzag,hard,train,166
78,6,sharp_turn,clean,train,198
79,7,descent_approach,medium,train,90
80,8,random_anomalous,hard,train,120
81,0,straight_flight,clean,train,119
82,1,circular_orbit,medium,train,140
83,2,rectangular_patrol,hard,train,146
84,3,hover,clean,train,101
85,4,spiral_climb,medium,train,153
86,5,zigzag,hard,train,88
87,6,sharp_turn,clean,train,124
88,7,descent_approach,medium,train,122
89,8,random_anomalous,hard,train,140
90,0,straight_flight,clean,train,152
91,1,circular_orbit,medium,train,148
92,2,rectangular_patrol,hard,train,109
93,3,hover,clean,train,133
94,4,spiral_climb,medium,train,73
95,5,zigzag,hard,train,143
96,6,sharp_turn,clean,train,138
97,7,descent_approach,medium,train,151
98,8,random_anomalous,hard,train,91
99,0,straight_flight,clean,train,179
100,1,circular_orbit,medium,train,89
101,2,rectangular_patrol,hard,train,163
102,3,hover,clean,train,191
103,4,spiral_climb,medium,train,135
104,5,zigzag,hard,train,121
105,6,sharp_turn,clean,train,195
106,7,descent_approach,medium,train,187
107,8,random_anomalous,hard,train,85
108,0,straight_flight,clean,train,169
109,1,circular_orbit,medium,train,122
110,2,rectangular_patrol,hard,train,110
111,3,hover,clean,train,188
112,4,spiral_climb,medium,train,119
113,5,zigzag,hard,train,111
114,6,sharp_turn,clean,train,128
115,7,descent_approach,medium,train,150
116,8,random_anomalous,hard,train,127
117,0,straight_flight,clean,train,90
118,1,circular_orbit,medium,train,98
119,2,rectangular_patrol,hard,train,177
120,3,hover,clean,train,91
121,4,spiral_climb,medium,train,105
122,5,zigzag,hard,train,156
123,6,sharp_turn,clean,train,105
124,7,descent_approach,medium,train,175
125,8,random_anomalous,hard,train,117
126,0,straight_flight,clean,train,199
127,1,circular_orbit,medium,train,181
128,2,rectangular_patrol,hard,train,121
129,3,hover,clean,train,132
130,4,spiral_climb,medium,train,184
131,5,zigzag,hard,train,141
132,6,sharp_turn,clean,train,104
133,7,descent_approach,medium,train,79
134,8,random_anomalous,hard,train,72
135,0,straight_flight,clean,train,124
136,1,circular_orbit,medium,train,94
137,2,rectangular_patrol,hard,train,156
138,3,hover,clean,train,198
139,4,spiral_climb,medium,train,90
140,5,zigzag,hard,train,79
141,6,sharp_turn,clean,train,166
142,7,descent_approach,medium,train,190
143,8,random_anomalous,hard,train,119
144,0,straight_flight,clean,train,178
145,1,circular_orbit,medium,train,99
146,2,rectangular_patrol,hard,train,151
147,3,hover,clean,train,96
148,4,spiral_climb,medium,train,80
149,5,zigzag,hard,train,77
150,6,sharp_turn,clean,train,135
151,7,descent_approach,medium,train,103
152,8,random_anomalous,hard,train,88
153,0,straight_flight,clean,train,155
154,1,circular_orbit,medium,train,105
155,2,rectangular_patrol,hard,train,89
156,3,hover,clean,train,94
157,4,spiral_climb,medium,train,146
158,5,zigzag,hard,train,114
159,6,sharp_turn,clean,train,184
160,7,descent_approach,medium,train,101
161,8,random_anomalous,hard,train,137
162,0,straight_flight,clean,train,83
163,1,circular_orbit,medium,train,130
164,2,rectangular_patrol,hard,train,176
165,3,hover,clean,train,164
166,4,spiral_climb,medium,train,90
167,5,zigzag,hard,train,76
168,6,sharp_turn,clean,train,153
169,7,descent_approach,medium,train,112
170,8,random_anomalous,hard,train,122
171,0,straight_flight,clean,train,102
172,1,circular_orbit,medium,train,87
173,2,rectangular_patrol,hard,train,137
174,3,hover,clean,train,133
175,4,spiral_climb,medium,train,147
176,5,zigzag,hard,train,130
177,6,sharp_turn,clean,train,149
178,7,descent_approach,medium,train,166
179,8,random_anomalous,hard,train,121
180,0,straight_flight,clean,train,136
181,1,circular_orbit,medium,train,122
182,2,rectangular_patrol,hard,train,113
183,3,hover,clean,train,90
184,4,spiral_climb,medium,train,177
185,5,zigzag,hard,train,142
186,6,sharp_turn,clean,train,123
187,7,descent_approach,medium,train,132
188,8,random_anomalous,hard,train,153
189,0,straight_flight,clean,train,111
190,1,circular_orbit,medium,train,92
191,2,rectangular_patrol,hard,train,175
192,3,hover,clean,train,133
193,4,spiral_climb,medium,train,79
194,5,zigzag,hard,train,150
195,6,sharp_turn,clean,train,120
196,7,descent_approach,medium,train,128
197,8,random_anomalous,hard,train,177
198,0,straight_flight,clean,train,174
199,1,circular_orbit,medium,train,105
200,2,rectangular_patrol,hard,train,92
201,3,hover,clean,train,187
202,4,spiral_climb,medium,train,115
203,5,zigzag,hard,train,87
204,6,sharp_turn,clean,train,132
205,7,descent_approach,medium,train,148
206,8,random_anomalous,hard,train,82
207,0,straight_flight,clean,train,87
208,1,circular_orbit,medium,train,186
209,2,rectangular_patrol,hard,train,140
210,3,hover,clean,train,92
211,4,spiral_climb,medium,train,145
212,5,zigzag,hard,train,98
213,6,sharp_turn,clean,train,158
214,7,descent_approach,medium,train,168
215,8,random_anomalous,hard,train,115
216,0,straight_flight,clean,train,169
217,1,circular_orbit,medium,train,119
218,2,rectangular_patrol,hard,train,131
219,3,hover,clean,train,132
220,4,spiral_climb,medium,train,110
221,5,zigzag,hard,train,111
222,6,sharp_turn,clean,train,80
223,7,descent_approach,medium,train,80
224,8,random_anomalous,hard,train,75
225,0,straight_flight,clean,train,194
226,1,circular_orbit,medium,train,88
227,2,rectangular_patrol,hard,train,86
228,3,hover,clean,train,179
229,4,spiral_climb,medium,train,109
230,5,zigzag,hard,train,139
231,6,sharp_turn,clean,train,149
232,7,descent_approach,medium,train,116
233,8,random_anomalous,hard,train,160
234,0,straight_flight,clean,train,163
235,1,circular_orbit,medium,train,180
236,2,rectangular_patrol,hard,train,151
237,3,hover,clean,train,97
238,4,spiral_climb,medium,train,170
239,5,zigzag,hard,train,103
240,6,sharp_turn,clean,train,165
241,7,descent_approach,medium,train,93
242,8,random_anomalous,hard,train,85
243,0,straight_flight,clean,train,141
244,1,circular_orbit,medium,train,169
245,2,rectangular_patrol,hard,train,91
246,3,hover,clean,train,84
247,4,spiral_climb,medium,train,164
248,5,zigzag,hard,train,166
249,6,sharp_turn,clean,train,157
250,7,descent_approach,medium,train,80
251,8,random_anomalous,hard,train,128
252,0,straight_flight,clean,train,112
253,1,circular_orbit,medium,train,135
254,2,rectangular_patrol,hard,train,97
255,3,hover,clean,train,105
256,4,spiral_climb,medium,train,104
257,5,zigzag,hard,train,88
258,6,sharp_turn,clean,train,140
259,7,descent_approach,medium,train,176
260,8,random_anomalous,hard,train,78
261,0,straight_flight,clean,train,83
262,1,circular_orbit,medium,train,135
263,2,rectangular_patrol,hard,train,115
264,3,hover,clean,train,188
265,4,spiral_climb,medium,train,155
266,5,zigzag,hard,train,154
267,6,sharp_turn,clean,train,85
268,7,descent_approach,medium,train,128
269,8,random_anomalous,hard,train,95
270,0,straight_flight,clean,train,182
271,1,circular_orbit,medium,train,173
272,2,rectangular_patrol,hard,train,70
273,3,hover,clean,train,167
274,4,spiral_climb,medium,train,87
275,5,zigzag,hard,train,163
276,6,sharp_turn,clean,train,149
277,7,descent_approach,medium,train,169
278,8,random_anomalous,hard,train,82
279,0,straight_flight,clean,train,105
280,1,circular_orbit,medium,train,103
281,2,rectangular_patrol,hard,train,88
282,3,hover,clean,train,114
283,4,spiral_climb,medium,train,120
284,5,zigzag,hard,train,83
285,6,sharp_turn,clean,train,185
286,7,descent_approach,medium,train,74
287,8,random_anomalous,hard,train,85
288,0,straight_flight,clean,train,103
289,1,circular_orbit,medium,train,121
290,2,rectangular_patrol,hard,train,115
291,3,hover,clean,train,90
292,4,spiral_climb,medium,train,176
293,5,zigzag,hard,train,104
294,6,sharp_turn,clean,train,107
295,7,descent_approach,medium,train,176
296,8,random_anomalous,hard,train,133
297,0,straight_flight,clean,train,110
298,1,circular_orbit,medium,train,108
299,2,rectangular_patrol,hard,train,117
300,3,hover,clean,train,118
301,4,spiral_climb,medium,train,151
302,5,zigzag,hard,train,144
303,6,sharp_turn,clean,train,158
304,7,descent_approach,medium,train,84
305,8,random_anomalous,hard,train,85
306,0,straight_flight,clean,train,131
307,1,circular_orbit,medium,train,160
308,2,rectangular_patrol,hard,train,132
309,3,hover,clean,train,104
310,4,spiral_climb,medium,train,166
311,5,zigzag,hard,train,79
312,6,sharp_turn,clean,train,93
313,7,descent_approach,medium,train,150
314,8,random_anomalous,hard,train,109
315,0,straight_flight,clean,train,106
316,1,circular_orbit,medium,train,109
317,2,rectangular_patrol,hard,train,156
318,3,hover,clean,train,136
319,4,spiral_climb,medium,train,151
320,5,zigzag,hard,train,96
321,6,sharp_turn,clean,train,198
322,7,descent_approach,medium,train,177
323,8,random_anomalous,hard,train,146
324,0,straight_flight,clean,train,121
325,1,circular_orbit,medium,train,113
326,2,rectangular_patrol,hard,train,120
327,3,hover,clean,train,139
328,4,spiral_climb,medium,train,78
329,5,zigzag,hard,train,168
330,6,sharp_turn,clean,train,94
331,7,descent_approach,medium,train,177
332,8,random_anomalous,hard,train,114
333,0,straight_flight,clean,train,180
334,1,circular_orbit,medium,train,173
335,2,rectangular_patrol,hard,train,107
336,3,hover,clean,train,196
337,4,spiral_climb,medium,train,77
338,5,zigzag,hard,train,89
339,6,sharp_turn,clean,train,186
340,7,descent_approach,medium,train,171
341,8,random_anomalous,hard,train,138
342,0,straight_flight,clean,train,96
343,1,circular_orbit,medium,train,161
344,2,rectangular_patrol,hard,train,172
345,3,hover,clean,train,167
346,4,spiral_climb,medium,train,154
347,5,zigzag,hard,train,102
348,6,sharp_turn,clean,train,121
349,7,descent_approach,medium,train,136
350,8,random_anomalous,hard,train,130
351,0,straight_flight,clean,train,114
352,1,circular_orbit,medium,train,185
353,2,rectangular_patrol,hard,train,104
354,3,hover,clean,train,183
355,4,spiral_climb,medium,train,156
356,5,zigzag,hard,train,170
357,6,sharp_turn,clean,train,115
358,7,descent_approach,medium,train,126
359,8,random_anomalous,hard,train,142
360,0,straight_flight,clean,train,109
361,1,circular_orbit,medium,train,84
362,2,rectangular_patrol,hard,train,139
363,3,hover,clean,train,139
364,4,spiral_climb,medium,train,126
365,5,zigzag,hard,train,118
366,6,sharp_turn,clean,train,183
367,7,descent_approach,medium,train,135
368,8,random_anomalous,hard,train,80
369,0,straight_flight,clean,train,107
370,1,circular_orbit,medium,train,81
371,2,rectangular_patrol,hard,train,79
372,3,hover,clean,train,93
373,4,spiral_climb,medium,train,174
374,5,zigzag,hard,train,96
375,6,sharp_turn,clean,train,189
376,7,descent_approach,medium,train,160
377,8,random_anomalous,hard,train,97
378,0,straight_flight,clean,train,136
379,1,circular_orbit,medium,train,184
380,2,rectangular_patrol,hard,train,134
381,3,hover,clean,train,135
382,4,spiral_climb,medium,train,166
383,5,zigzag,hard,train,120
384,6,sharp_turn,clean,train,164
385,7,descent_approach,medium,train,148
386,8,random_anomalous,hard,train,131
387,0,straight_flight,clean,train,118
388,1,circular_orbit,medium,train,119
389,2,rectangular_patrol,hard,train,163
390,3,hover,clean,train,104
391,4,spiral_climb,medium,train,77
392,5,zigzag,hard,train,154
393,6,sharp_turn,clean,train,154
394,7,descent_approach,medium,train,155
395,8,random_anomalous,hard,train,88
396,0,straight_flight,clean,train,187
397,1,circular_orbit,medium,train,150
398,2,rectangular_patrol,hard,train,87
399,3,hover,clean,train,116
400,4,spiral_climb,medium,train,188
401,5,zigzag,hard,train,110
402,6,sharp_turn,clean,train,138
403,7,descent_approach,medium,train,147
404,8,random_anomalous,hard,train,138
405,0,straight_flight,clean,train,154
406,1,circular_orbit,medium,train,181
407,2,rectangular_patrol,hard,train,162
408,3,hover,clean,train,112
409,4,spiral_climb,medium,train,124
410,5,zigzag,hard,train,141
411,6,sharp_turn,clean,train,191
412,7,descent_approach,medium,train,111
413,8,random_anomalous,hard,train,99
414,0,straight_flight,clean,train,90
415,1,circular_orbit,medium,train,82
416,2,rectangular_patrol,hard,train,165
417,3,hover,clean,train,93
418,4,spiral_climb,medium,train,79
419,5,zigzag,hard,train,160
420,6,sharp_turn,clean,train,152
421,7,descent_approach,medium,train,173
422,8,random_anomalous,hard,train,158
423,0,straight_flight,clean,train,190
424,1,circular_orbit,medium,train,131
425,2,rectangular_patrol,hard,train,65
426,3,hover,clean,train,139
427,4,spiral_climb,medium,train,123
428,5,zigzag,hard,train,133
429,6,sharp_turn,clean,train,166
430,7,descent_approach,medium,train,166
431,8,random_anomalous,hard,train,75
432,0,straight_flight,clean,train,188
433,1,circular_orbit,medium,train,161
434,2,rectangular_patrol,hard,train,165
435,3,hover,clean,train,123
436,4,spiral_climb,medium,train,142
437,5,zigzag,hard,train,163
438,6,sharp_turn,clean,train,131
439,7,descent_approach,medium,train,186
440,8,random_anomalous,hard,train,149
441,0,straight_flight,clean,train,199
442,1,circular_orbit,medium,train,110
443,2,rectangular_patrol,hard,train,76
444,3,hover,clean,train,86
445,4,spiral_climb,medium,train,102
446,5,zigzag,hard,train,144
447,6,sharp_turn,clean,train,196
448,7,descent_approach,medium,train,154
449,8,random_anomalous,hard,train,158
450,0,straight_flight,clean,train,80
451,1,circular_orbit,medium,train,76
452,2,rectangular_patrol,hard,train,130
453,3,hover,clean,train,106
454,4,spiral_climb,medium,train,104
455,5,zigzag,hard,train,128
456,6,sharp_turn,clean,train,128
457,7,descent_approach,medium,train,83
458,8,random_anomalous,hard,train,146
459,0,straight_flight,clean,train,159
460,1,circular_orbit,medium,train,92
461,2,rectangular_patrol,hard,train,82
462,3,hover,clean,train,182
463,4,spiral_climb,medium,train,146
464,5,zigzag,hard,train,133
465,6,sharp_turn,clean,train,94
466,7,descent_approach,medium,train,107
467,8,random_anomalous,hard,train,76
468,0,straight_flight,clean,train,198
469,1,circular_orbit,medium,train,174
470,2,rectangular_patrol,hard,train,115
471,3,hover,clean,train,89
472,4,spiral_climb,medium,train,142
473,5,zigzag,hard,train,105
474,6,sharp_turn,clean,train,126
475,7,descent_approach,medium,train,94
476,8,random_anomalous,hard,train,133
477,0,straight_flight,clean,train,160
478,1,circular_orbit,medium,train,92
479,2,rectangular_patrol,hard,train,139
480,3,hover,clean,train,122
481,4,spiral_climb,medium,train,95
482,5,zigzag,hard,train,161
483,6,sharp_turn,clean,train,142
484,7,descent_approach,medium,train,124
485,8,random_anomalous,hard,train,118
486,0,straight_flight,clean,train,171
487,1,circular_orbit,medium,train,155
488,2,rectangular_patrol,hard,train,169
489,3,hover,clean,train,173
490,4,spiral_climb,medium,train,137
491,5,zigzag,hard,train,132
492,6,sharp_turn,clean,train,106
493,7,descent_approach,medium,train,78
494,8,random_anomalous,hard,train,127
495,0,straight_flight,clean,train,93
496,1,circular_orbit,medium,train,88
497,2,rectangular_patrol,hard,train,122
498,3,hover,clean,train,187
499,4,spiral_climb,medium,train,137
500,5,zigzag,hard,train,124
501,6,sharp_turn,clean,train,134
502,7,descent_approach,medium,train,120
503,8,random_anomalous,hard,train,155
504,0,straight_flight,clean,train,115
505,1,circular_orbit,medium,train,174
506,2,rectangular_patrol,hard,train,139
507,3,hover,clean,train,164
508,4,spiral_climb,medium,train,101
509,5,zigzag,hard,train,120
510,6,sharp_turn,clean,train,156
511,7,descent_approach,medium,train,140
512,8,random_anomalous,hard,train,160
513,0,straight_flight,clean,train,133
514,1,circular_orbit,medium,train,159
515,2,rectangular_patrol,hard,train,111
516,3,hover,clean,train,131
517,4,spiral_climb,medium,train,144
518,5,zigzag,hard,train,162
519,6,sharp_turn,clean,train,90
520,7,descent_approach,medium,train,98
521,8,random_anomalous,hard,train,163
522,0,straight_flight,clean,train,87
523,1,circular_orbit,medium,train,110
524,2,rectangular_patrol,hard,train,170
525,3,hover,clean,train,193
526,4,spiral_climb,medium,train,141
527,5,zigzag,hard,train,98
528,6,sharp_turn,clean,train,159
529,7,descent_approach,medium,train,116
530,8,random_anomalous,hard,train,110
531,0,straight_flight,clean,train,166
532,1,circular_orbit,medium,train,188
533,2,rectangular_patrol,hard,train,144
534,3,hover,clean,train,183
535,4,spiral_climb,medium,train,149
536,5,zigzag,hard,train,150
537,6,sharp_turn,clean,train,99
538,7,descent_approach,medium,train,131
539,8,random_anomalous,hard,train,163
540,0,straight_flight,clean,train,151
541,1,circular_orbit,medium,train,169
542,2,rectangular_patrol,hard,train,138
543,3,hover,clean,train,168
544,4,spiral_climb,medium,train,81
545,5,zigzag,hard,train,78
546,6,sharp_turn,clean,train,115
547,7,descent_approach,medium,train,140
548,8,random_anomalous,hard,train,150
549,0,straight_flight,clean,train,169
550,1,circular_orbit,medium,train,163
551,2,rectangular_patrol,hard,train,101
552,3,hover,clean,train,192
553,4,spiral_climb,medium,train,134
554,5,zigzag,hard,train,87
555,6,sharp_turn,clean,train,173
556,7,descent_approach,medium,train,121
557,8,random_anomalous,hard,train,140
558,0,straight_flight,clean,train,171
559,1,circular_orbit,medium,train,96
560,2,rectangular_patrol,hard,train,81
561,3,hover,clean,train,155
562,4,spiral_climb,medium,train,92
563,5,zigzag,hard,train,66
564,6,sharp_turn,clean,train,89
565,7,descent_approach,medium,train,181
566,8,random_anomalous,hard,train,169
567,0,straight_flight,clean,train,187
568,1,circular_orbit,medium,train,112
569,2,rectangular_patrol,hard,train,143
570,3,hover,clean,train,120
571,4,spiral_climb,medium,train,189
572,5,zigzag,hard,train,136
573,6,sharp_turn,clean,train,87
574,7,descent_approach,medium,train,152
575,8,random_anomalous,hard,train,110
576,0,straight_flight,clean,train,143
577,1,circular_orbit,medium,train,140
578,2,rectangular_patrol,hard,train,139
579,3,hover,clean,train,130
580,4,spiral_climb,medium,train,124
581,5,zigzag,hard,train,152
582,6,sharp_turn,clean,train,190
583,7,descent_approach,medium,train,170
584,8,random_anomalous,hard,train,166
585,0,straight_flight,clean,train,121
586,1,circular_orbit,medium,train,148
587,2,rectangular_patrol,hard,train,146
588,3,hover,clean,train,169
589,4,spiral_climb,medium,train,126
590,5,zigzag,hard,train,161
591,6,sharp_turn,clean,train,81
592,7,descent_approach,medium,train,181
593,8,random_anomalous,hard,train,108
594,0,straight_flight,clean,train,175
595,1,circular_orbit,medium,train,169
596,2,rectangular_patrol,hard,train,123
597,3,hover,clean,train,131
598,4,spiral_climb,medium,train,108
599,5,zigzag,hard,train,139
600,6,sharp_turn,clean,train,133
601,7,descent_approach,medium,train,132
602,8,random_anomalous,hard,train,154
603,0,straight_flight,clean,train,136
604,1,circular_orbit,medium,train,153
605,2,rectangular_patrol,hard,train,95
606,3,hover,clean,train,158
607,4,spiral_climb,medium,train,113
608,5,zigzag,hard,train,155
609,6,sharp_turn,clean,train,183
610,7,descent_approach,medium,train,132
611,8,random_anomalous,hard,train,109
612,0,straight_flight,clean,train,133
613,1,circular_orbit,medium,train,111
614,2,rectangular_patrol,hard,train,95
615,3,hover,clean,train,177
616,4,spiral_climb,medium,train,104
617,5,zigzag,hard,train,136
618,6,sharp_turn,clean,train,163
619,7,descent_approach,medium,train,175
620,8,random_anomalous,hard,train,173
621,0,straight_flight,clean,train,100
622,1,circular_orbit,medium,train,78
623,2,rectangular_patrol,hard,train,122
624,3,hover,clean,train,107
625,4,spiral_climb,medium,train,92
626,5,zigzag,hard,train,178
627,6,sharp_turn,clean,train,172
628,7,descent_approach,medium,train,93
629,8,random_anomalous,hard,train,142
630,0,straight_flight,clean,train,84
631,1,circular_orbit,medium,train,103
632,2,rectangular_patrol,hard,train,72
633,3,hover,clean,train,120
634,4,spiral_climb,medium,train,170
635,5,zigzag,hard,train,145
636,6,sharp_turn,clean,train,98
637,7,descent_approach,medium,train,75
638,8,random_anomalous,hard,train,108
639,0,straight_flight,clean,train,194
640,1,circular_orbit,medium,train,125
641,2,rectangular_patrol,hard,train,134
642,3,hover,clean,train,153
643,4,spiral_climb,medium,train,85
644,5,zigzag,hard,train,115
645,6,sharp_turn,clean,train,82
646,7,descent_approach,medium,train,80
647,8,random_anomalous,hard,train,175
648,0,straight_flight,clean,train,194
649,1,circular_orbit,medium,train,137
650,2,rectangular_patrol,hard,train,90
651,3,hover,clean,train,149
652,4,spiral_climb,medium,train,116
653,5,zigzag,hard,train,138
654,6,sharp_turn,clean,train,109
655,7,descent_approach,medium,train,148
656,8,random_anomalous,hard,train,165
657,0,straight_flight,clean,train,129
658,1,circular_orbit,medium,train,83
659,2,rectangular_patrol,hard,train,119
660,3,hover,clean,train,179
661,4,spiral_climb,medium,train,106
662,5,zigzag,hard,train,118
663,6,sharp_turn,clean,train,127
664,7,descent_approach,medium,train,98
665,8,random_anomalous,hard,train,82
666,0,straight_flight,clean,train,84
667,1,circular_orbit,medium,train,123
668,2,rectangular_patrol,hard,train,150
669,3,hover,clean,train,191
670,4,spiral_climb,medium,train,95
671,5,zigzag,hard,train,146
672,6,sharp_turn,clean,train,86
673,7,descent_approach,medium,train,93
674,8,random_anomalous,hard,train,87
675,0,straight_flight,clean,train,175
676,1,circular_orbit,medium,train,190
677,2,rectangular_patrol,hard,train,72
678,3,hover,clean,train,155
679,4,spiral_climb,medium,train,175
680,5,zigzag,hard,train,168
681,6,sharp_turn,clean,train,188
682,7,descent_approach,medium,train,167
683,8,random_anomalous,hard,train,91
684,0,straight_flight,clean,train,80
685,1,circular_orbit,medium,train,160
686,2,rectangular_patrol,hard,train,175
687,3,hover,clean,train,102
688,4,spiral_climb,medium,train,169
689,5,zigzag,hard,train,157
690,6,sharp_turn,clean,train,123
691,7,descent_approach,medium,train,169
692,8,random_anomalous,hard,train,78
693,0,straight_flight,clean,train,136
694,1,circular_orbit,medium,train,184
695,2,rectangular_patrol,hard,train,140
696,3,hover,clean,train,166
697,4,spiral_climb,medium,train,80
698,5,zigzag,hard,train,115
699,6,sharp_turn,clean,train,107
700,7,descent_approach,medium,val,100
701,8,random_anomalous,hard,val,128
702,0,straight_flight,clean,val,165
703,1,circular_orbit,medium,val,150
704,2,rectangular_patrol,hard,val,116
705,3,hover,clean,val,175
706,4,spiral_climb,medium,val,119
707,5,zigzag,hard,val,83
708,6,sharp_turn,clean,val,99
709,7,descent_approach,medium,val,143
710,8,random_anomalous,hard,val,114
711,0,straight_flight,clean,val,120
712,1,circular_orbit,medium,val,141
713,2,rectangular_patrol,hard,val,98
714,3,hover,clean,val,107
715,4,spiral_climb,medium,val,120
716,5,zigzag,hard,val,77
717,6,sharp_turn,clean,val,144
718,7,descent_approach,medium,val,156
719,8,random_anomalous,hard,val,137
720,0,straight_flight,clean,val,158
721,1,circular_orbit,medium,val,142
722,2,rectangular_patrol,hard,val,165
723,3,hover,clean,val,144
724,4,spiral_climb,medium,val,182
725,5,zigzag,hard,val,118
726,6,sharp_turn,clean,val,171
727,7,descent_approach,medium,val,148
728,8,random_anomalous,hard,val,105
729,0,straight_flight,clean,val,177
730,1,circular_orbit,medium,val,140
731,2,rectangular_patrol,hard,val,162
732,3,hover,clean,val,169
733,4,spiral_climb,medium,val,189
734,5,zigzag,hard,val,97
735,6,sharp_turn,clean,val,82
736,7,descent_approach,medium,val,186
737,8,random_anomalous,hard,val,105
738,0,straight_flight,clean,val,169
739,1,circular_orbit,medium,val,161
740,2,rectangular_patrol,hard,val,169
741,3,hover,clean,val,129
742,4,spiral_climb,medium,val,153
743,5,zigzag,hard,val,120
744,6,sharp_turn,clean,val,89
745,7,descent_approach,medium,val,94
746,8,random_anomalous,hard,val,135
747,0,straight_flight,clean,val,139
748,1,circular_orbit,medium,val,138
749,2,rectangular_patrol,hard,val,164
750,3,hover,clean,val,182
751,4,spiral_climb,medium,val,149
752,5,zigzag,hard,val,131
753,6,sharp_turn,clean,val,178
754,7,descent_approach,medium,val,100
755,8,random_anomalous,hard,val,76
756,0,straight_flight,clean,val,102
757,1,circular_orbit,medium,val,80
758,2,rectangular_patrol,hard,val,115
759,3,hover,clean,val,94
760,4,spiral_climb,medium,val,157
761,5,zigzag,hard,val,167
762,6,sharp_turn,clean,val,173
763,7,descent_approach,medium,val,125
764,8,random_anomalous,hard,val,85
765,0,straight_flight,clean,val,187
766,1,circular_orbit,medium,val,161
767,2,rectangular_patrol,hard,val,109
768,3,hover,clean,val,181
769,4,spiral_climb,medium,val,131
770,5,zigzag,hard,val,168
771,6,sharp_turn,clean,val,116
772,7,descent_approach,medium,val,122
773,8,random_anomalous,hard,val,73
774,0,straight_flight,clean,val,186
775,1,circular_orbit,medium,val,112
776,2,rectangular_patrol,hard,val,142
777,3,hover,clean,val,167
778,4,spiral_climb,medium,val,120
779,5,zigzag,hard,val,135
780,6,sharp_turn,clean,val,118
781,7,descent_approach,medium,val,141
782,8,random_anomalous,hard,val,127
783,0,straight_flight,clean,val,102
784,1,circular_orbit,medium,val,114
785,2,rectangular_patrol,hard,val,80
786,3,hover,clean,val,107
787,4,spiral_climb,medium,val,109
788,5,zigzag,hard,val,85
789,6,sharp_turn,clean,val,164
790,7,descent_approach,medium,val,97
791,8,random_anomalous,hard,val,110
792,0,straight_flight,clean,val,165
793,1,circular_orbit,medium,val,116
794,2,rectangular_patrol,hard,val,117
795,3,hover,clean,val,82
796,4,spiral_climb,medium,val,97
797,5,zigzag,hard,val,149
798,6,sharp_turn,clean,val,172
799,7,descent_approach,medium,val,166
800,8,random_anomalous,hard,val,140
801,0,straight_flight,clean,val,111
802,1,circular_orbit,medium,val,185
803,2,rectangular_patrol,hard,val,104
804,3,hover,clean,val,134
805,4,spiral_climb,medium,val,158
806,5,zigzag,hard,val,82
807,6,sharp_turn,clean,val,79
808,7,descent_approach,medium,val,90
809,8,random_anomalous,hard,val,151
810,0,straight_flight,clean,val,147
811,1,circular_orbit,medium,val,78
812,2,rectangular_patrol,hard,val,79
813,3,hover,clean,val,178
814,4,spiral_climb,medium,val,95
815,5,zigzag,hard,val,143
816,6,sharp_turn,clean,val,144
817,7,descent_approach,medium,val,166
818,8,random_anomalous,hard,val,159
819,0,straight_flight,clean,val,87
820,1,circular_orbit,medium,val,98
821,2,rectangular_patrol,hard,val,168
822,3,hover,clean,val,188
823,4,spiral_climb,medium,val,175
824,5,zigzag,hard,val,111
825,6,sharp_turn,clean,val,105
826,7,descent_approach,medium,val,166
827,8,random_anomalous,hard,val,98
828,0,straight_flight,clean,val,135
829,1,circular_orbit,medium,val,175
830,2,rectangular_patrol,hard,val,146
831,3,hover,clean,val,119
832,4,spiral_climb,medium,val,99
833,5,zigzag,hard,val,163
834,6,sharp_turn,clean,val,177
835,7,descent_approach,medium,val,103
836,8,random_anomalous,hard,val,114
837,0,straight_flight,clean,val,102
838,1,circular_orbit,medium,val,167
839,2,rectangular_patrol,hard,val,103
840,3,hover,clean,val,81
841,4,spiral_climb,medium,val,99
842,5,zigzag,hard,val,146
843,6,sharp_turn,clean,val,175
844,7,descent_approach,medium,val,162
845,8,random_anomalous,hard,val,82
846,0,straight_flight,clean,val,89
847,1,circular_orbit,medium,val,126
848,2,rectangular_patrol,hard,val,86
849,3,hover,clean,val,96
850,4,spiral_climb,medium,test,128
851,5,zigzag,hard,test,172
852,6,sharp_turn,clean,test,129
853,7,descent_approach,medium,test,152
854,8,random_anomalous,hard,test,151
855,0,straight_flight,clean,test,157
856,1,circular_orbit,medium,test,121
857,2,rectangular_patrol,hard,test,97
858,3,hover,clean,test,180
859,4,spiral_climb,medium,test,132
860,5,zigzag,hard,test,123
861,6,sharp_turn,clean,test,192
862,7,descent_approach,medium,test,178
863,8,random_anomalous,hard,test,110
864,0,straight_flight,clean,test,132
865,1,circular_orbit,medium,test,126
866,2,rectangular_patrol,hard,test,135
867,3,hover,clean,test,180
868,4,spiral_climb,medium,test,111
869,5,zigzag,hard,test,137
870,6,sharp_turn,clean,test,172
871,7,descent_approach,medium,test,173
872,8,random_anomalous,hard,test,84
873,0,straight_flight,clean,test,107
874,1,circular_orbit,medium,test,182
875,2,rectangular_patrol,hard,test,98
876,3,hover,clean,test,130
877,4,spiral_climb,medium,test,106
878,5,zigzag,hard,test,143
879,6,sharp_turn,clean,test,150
880,7,descent_approach,medium,test,180
881,8,random_anomalous,hard,test,108
882,0,straight_flight,clean,test,148
883,1,circular_orbit,medium,test,139
884,2,rectangular_patrol,hard,test,150
885,3,hover,clean,test,170
886,4,spiral_climb,medium,test,181
887,5,zigzag,hard,test,156
888,6,sharp_turn,clean,test,123
889,7,descent_approach,medium,test,123
890,8,random_anomalous,hard,test,76
891,0,straight_flight,clean,test,97
892,1,circular_orbit,medium,test,169
893,2,rectangular_patrol,hard,test,124
894,3,hover,clean,test,116
895,4,spiral_climb,medium,test,163
896,5,zigzag,hard,test,118
897,6,sharp_turn,clean,test,87
898,7,descent_approach,medium,test,186
899,8,random_anomalous,hard,test,85
900,0,straight_flight,clean,test,162
901,1,circular_orbit,medium,test,130
902,2,rectangular_patrol,hard,test,92
903,3,hover,clean,test,128
904,4,spiral_climb,medium,test,98
905,5,zigzag,hard,test,91
906,6,sharp_turn,clean,test,191
907,7,descent_approach,medium,test,121
908,8,random_anomalous,hard,test,114
909,0,straight_flight,clean,test,105
910,1,circular_orbit,medium,test,173
911,2,rectangular_patrol,hard,test,105
912,3,hover,clean,test,96
913,4,spiral_climb,medium,test,171
914,5,zigzag,hard,test,79
915,6,sharp_turn,clean,test,198
916,7,descent_approach,medium,test,83
917,8,random_anomalous,hard,test,170
918,0,straight_flight,clean,test,116
919,1,circular_orbit,medium,test,88
920,2,rectangular_patrol,hard,test,88
921,3,hover,clean,test,178
922,4,spiral_climb,medium,test,183
923,5,zigzag,hard,test,143
924,6,sharp_turn,clean,test,124
925,7,descent_approach,medium,test,95
926,8,random_anomalous,hard,test,79
927,0,straight_flight,clean,test,186
928,1,circular_orbit,medium,test,151
929,2,rectangular_patrol,hard,test,158
930,3,hover,clean,test,144
931,4,spiral_climb,medium,test,156
932,5,zigzag,hard,test,76
933,6,sharp_turn,clean,test,83
934,7,descent_approach,medium,test,91
935,8,random_anomalous,hard,test,82
936,0,straight_flight,clean,test,193
937,1,circular_orbit,medium,test,83
938,2,rectangular_patrol,hard,test,158
939,3,hover,clean,test,114
940,4,spiral_climb,medium,test,127
941,5,zigzag,hard,test,111
942,6,sharp_turn,clean,test,119
943,7,descent_approach,medium,test,173
944,8,random_anomalous,hard,test,84
945,0,straight_flight,clean,test,135
946,1,circular_orbit,medium,test,108
947,2,rectangular_patrol,hard,test,138
948,3,hover,clean,test,148
949,4,spiral_climb,medium,test,178
950,5,zigzag,hard,test,83
951,6,sharp_turn,clean,test,198
952,7,descent_approach,medium,test,181
953,8,random_anomalous,hard,test,139
954,0,straight_flight,clean,test,115
955,1,circular_orbit,medium,test,156
956,2,rectangular_patrol,hard,test,168
957,3,hover,clean,test,149
958,4,spiral_climb,medium,test,157
959,5,zigzag,hard,test,168
960,6,sharp_turn,clean,test,181
961,7,descent_approach,medium,test,169
962,8,random_anomalous,hard,test,76
963,0,straight_flight,clean,test,167
964,1,circular_orbit,medium,test,104
965,2,rectangular_patrol,hard,test,119
966,3,hover,clean,test,109
967,4,spiral_climb,medium,test,94
968,5,zigzag,hard,test,153
969,6,sharp_turn,clean,test,90
970,7,descent_approach,medium,test,156
971,8,random_anomalous,hard,test,113
972,0,straight_flight,clean,test,104
973,1,circular_orbit,medium,test,86
974,2,rectangular_patrol,hard,test,122
975,3,hover,clean,test,145
976,4,spiral_climb,medium,test,161
977,5,zigzag,hard,test,133
978,6,sharp_turn,clean,test,103
979,7,descent_approach,medium,test,165
980,8,random_anomalous,hard,test,120
981,0,straight_flight,clean,test,128
982,1,circular_orbit,medium,test,95
983,2,rectangular_patrol,hard,test,140
984,3,hover,clean,test,88
985,4,spiral_climb,medium,test,179
986,5,zigzag,hard,test,109
987,6,sharp_turn,clean,test,187
988,7,descent_approach,medium,test,100
989,8,random_anomalous,hard,test,130
990,0,straight_flight,clean,test,123
991,1,circular_orbit,medium,test,178
992,2,rectangular_patrol,hard,test,124
993,3,hover,clean,test,81
994,4,spiral_climb,medium,test,118
995,5,zigzag,hard,test,164
996,6,sharp_turn,clean,test,101
997,7,descent_approach,medium,test,83
998,8,random_anomalous,hard,test,157
999,0,straight_flight,clean,test,161
